row,column,message
2,Passport Expiry,Invalid date format (expected DD/MM/YYYY): 2028-09-08 00:00:00
2,ID Expiry,Invalid date format (expected DD/MM/YYYY): 2029-01-06 00:00:00
2,Date Of Birth,Invalid date format (expected DD/MM/YYYY): 1971-01-01 00:00:00
2,Joining Date,Invalid date format (expected DD/MM/YYYY): 2025-08-01 00:00:00
2,Contract date,Invalid date format (expected DD/MM/YYYY): 2024-12-21 00:00:00
2,Contract Expiry Date,Invalid date format (expected DD/MM/YYYY): 2026-12-20 00:00:00
2,Health Card Expiry,Invalid date format (expected DD/MM/YYYY): 2026-10-24 00:00:00
2,Allowed Overtime,Invalid numeric value.
3,ID Expiry,Invalid date format (expected DD/MM/YYYY): 2025-12-10 00:00:00
3,Date Of Birth,Invalid date format (expected DD/MM/YYYY): 1985-05-07 00:00:00
3,Health Card Expiry,Invalid date format (expected DD/MM/YYYY): 2026-10-24 00:00:00
3,Allowed Overtime,Invalid numeric value.
4,Passport Expiry,Invalid date format (expected DD/MM/YYYY): 2030-02-09 00:00:00
4,ID Expiry,Invalid date format (expected DD/MM/YYYY): 2025-02-11 00:00:00
4,Joining Date,Invalid date format (expected DD/MM/YYYY): 2024-09-06 00:00:00
4,Health Card Expiry,Invalid date format (expected DD/MM/YYYY): 2026-10-24 00:00:00
4,Allowed Overtime,Invalid numeric value.
5,Passport Expiry,Invalid date format (expected DD/MM/YYYY): 2027-06-12 00:00:00
5,Health Card Expiry,Invalid date format (expected DD/MM/YYYY): 2026-10-24 00:00:00
5,Allowed Overtime,Invalid numeric value.
6,Passport Expiry,Invalid date format (expected DD/MM/YYYY): 2035-09-07 00:00:00
6,ID Expiry,Invalid date format (expected DD/MM/YYYY): 2025-07-10 00:00:00
6,Date Of Birth,Invalid date format (expected DD/MM/YYYY): 1991-04-11 00:00:00
6,Contract date,Invalid date format (expected DD/MM/YYYY): 2025-06-11 00:00:00
6,Contract Expiry Date,Invalid date format (expected DD/MM/YYYY): 2026-05-11 00:00:00
6,Health Card Expiry,Invalid date format (expected DD/MM/YYYY): 2026-10-24 00:00:00
6,Allowed Overtime,Invalid numeric value.
7,Joining Date,Invalid date format (expected DD/MM/YYYY): 2024-12-11 00:00:00
7,Contract date,Invalid date format (expected DD/MM/YYYY): 2025-05-03 00:00:00
7,Contract Expiry Date,Invalid date format (expected DD/MM/YYYY): 2026-04-03 00:00:00
7,Health Card Expiry,Invalid date format (expected DD/MM/YYYY): 2026-10-24 00:00:00
7,Allowed Overtime,Invalid numeric value.
8,Joining Date,Invalid date format (expected DD/MM/YYYY): 2025-11-02 00:00:00
8,Contract date,Invalid date format (expected DD/MM/YYYY): 2025-11-02 00:00:00
8,Contract Expiry Date,Invalid date format (expected DD/MM/YYYY): 2026-11-01 00:00:00
8,Health Card Expiry,Invalid date format (expected DD/MM/YYYY): 2026-10-24 00:00:00
8,Allowed Overtime,Invalid numeric value.
9,Passport Expiry,Invalid date format (expected DD/MM/YYYY): 2028-01-04 00:00:00
9,Health Card Expiry,Invalid date format (expected DD/MM/YYYY): 2026-10-24 00:00:00
9,Allowed Overtime,Invalid numeric value.
10,Passport Expiry,Invalid date format (expected DD/MM/YYYY): 2027-12-04 00:00:00
10,Date Of Birth,Invalid date format (expected DD/MM/YYYY): 2001-11-09 00:00:00
10,Joining Date,Invalid date format (expected DD/MM/YYYY): 2025-08-16 00:00:00
10,Contract date,Invalid date format (expected DD/MM/YYYY): 2025-11-24 00:00:00
10,Health Card Expiry,Invalid date format (expected DD/MM/YYYY): 2026-10-24 00:00:00
10,Allowed Overtime,Invalid numeric value.
11,Date Of Birth,Invalid date format (expected DD/MM/YYYY): 1983-09-05 00:00:00
11,Joining Date,Invalid date format (expected DD/MM/YYYY): 2023-11-02 00:00:00
11,Contract date,Invalid date format (expected DD/MM/YYYY): 2025-02-11 00:00:00
11,Contract Expiry Date,Invalid date format (expected DD/MM/YYYY): 2026-01-11 00:00:00
11,Health Card Expiry,Invalid date format (expected DD/MM/YYYY): 2026-10-24 00:00:00
11,Allowed Overtime,Invalid numeric value.
12,Date Of Birth,Invalid date format (expected DD/MM/YYYY): 2024-12-12 00:00:00
12,Contract date,Invalid date format (expected DD/MM/YYYY): 2025-10-16 00:00:00
12,Health Card Expiry,Invalid date format (expected DD/MM/YYYY): 2026-10-24 00:00:00
12,Allowed Overtime,Invalid numeric value.
13,Date Of Birth,Invalid date format (expected DD/MM/YYYY): 1982-02-02 00:00:00
13,Joining Date,Invalid date format (expected DD/MM/YYYY): 2024-08-08 00:00:00
13,Contract date,Invalid date format (expected DD/MM/YYYY): 2025-09-06 00:00:00
13,Contract Expiry Date,Invalid date format (expected DD/MM/YYYY): 2026-09-05 00:00:00
13,Health Card Expiry,Invalid date format (expected DD/MM/YYYY): 2026-10-24 00:00:00
13,Allowed Overtime,Invalid numeric value.
14,ID Expiry,Invalid date format (expected DD/MM/YYYY): 2025-10-30 00:00:00
14,Date Of Birth,Invalid date format (expected DD/MM/YYYY): 2025-12-08 00:00:00
14,Joining Date,Invalid date format (expected DD/MM/YYYY): 2024-09-10 00:00:00
14,Contract date,Invalid date format (expected DD/MM/YYYY): 2025-01-07 00:00:00
14,Contract Expiry Date,Invalid date format (expected DD/MM/YYYY): 2026-01-06 00:00:00
14,Health Card Expiry,Invalid date format (expected DD/MM/YYYY): 2026-10-24 00:00:00
14,Allowed Overtime,Invalid numeric value.
15,Passport Expiry,Invalid date format (expected DD/MM/YYYY): 2032-05-02 00:00:00
15,Date Of Birth,Invalid date format (expected DD/MM/YYYY): 1984-01-09 00:00:00
15,Contract date,Invalid date format (expected DD/MM/YYYY): 2025-07-07 00:00:00
15,Contract Expiry Date,Invalid date format (expected DD/MM/YYYY): 2026-07-06 00:00:00
15,Health Card Expiry,Invalid date format (expected DD/MM/YYYY): 2026-10-24 00:00:00
15,Allowed Overtime,Invalid numeric value.
16,ID Expiry,Invalid date format (expected DD/MM/YYYY): 2026-02-14 00:00:00
16,Date Of Birth,Invalid date format (expected DD/MM/YYYY): 1997-04-20 00:00:00
16,Joining Date,Invalid date format (expected DD/MM/YYYY): 2024-08-01 00:00:00
16,Health Card Expiry,Invalid date format (expected DD/MM/YYYY): 2026-10-24 00:00:00
16,Allowed Overtime,Invalid numeric value.
17,Passport Expiry,Invalid date format (expected DD/MM/YYYY): 2032-03-04 00:00:00
17,ID Expiry,Invalid date format (expected DD/MM/YYYY): 2026-01-30 00:00:00
17,Date Of Birth,Invalid date format (expected DD/MM/YYYY): 1996-05-25 00:00:00
17,Joining Date,Invalid date format (expected DD/MM/YYYY): 2025-05-07 00:00:00
17,Contract date,Invalid date format (expected DD/MM/YYYY): 2025-08-05 00:00:00
17,Contract Expiry Date,Invalid date format (expected DD/MM/YYYY): 2026-08-04 00:00:00
17,Health Card Expiry,Invalid date format (expected DD/MM/YYYY): 2026-10-24 00:00:00
17,Allowed Overtime,Invalid numeric value.
18,Passport Expiry,Invalid date format (expected DD/MM/YYYY): 2031-02-15 00:00:00
18,ID Expiry,Invalid date format (expected DD/MM/YYYY): 2026-02-16 00:00:00
18,Date Of Birth,Invalid date format (expected DD/MM/YYYY): 1975-10-12 00:00:00
18,Joining Date,Invalid date format (expected DD/MM/YYYY): 2024-09-09 00:00:00
18,Contract date,Invalid date format (expected DD/MM/YYYY): 2025-09-09 00:00:00
18,Contract Expiry Date,Invalid date format (expected DD/MM/YYYY): 2026-09-08 00:00:00
18,Health Card Expiry,Invalid date format (expected DD/MM/YYYY): 2026-10-24 00:00:00
18,Allowed Overtime,Invalid numeric value.
19,Passport Expiry,Invalid date format (expected DD/MM/YYYY): 2031-02-16 00:00:00
19,ID Expiry,Invalid date format (expected DD/MM/YYYY): 2026-01-26 00:00:00
19,Date Of Birth,Invalid date format (expected DD/MM/YYYY): 1996-02-03 00:00:00
19,Joining Date,Invalid date format (expected DD/MM/YYYY): 2025-11-01 00:00:00
19,Contract date,Invalid date format (expected DD/MM/YYYY): 2025-11-01 00:00:00
19,Health Card Expiry,Invalid date format (expected DD/MM/YYYY): 2026-10-24 00:00:00
19,Allowed Overtime,Invalid numeric value.
20,Passport Expiry,Invalid date format (expected DD/MM/YYYY): 2035-04-08 00:00:00
20,ID Expiry,Invalid date format (expected DD/MM/YYYY): 2026-02-27 00:00:00
20,Date Of Birth,Invalid date format (expected DD/MM/YYYY): 1996-07-27 00:00:00
20,Health Card Expiry,Invalid date format (expected DD/MM/YYYY): 2026-10-24 00:00:00
20,Allowed Overtime,Invalid numeric value.
21,Passport Expiry,Invalid date format (expected DD/MM/YYYY): 2032-02-11 00:00:00
21,ID Expiry,Invalid date format (expected DD/MM/YYYY): 2025-07-26 00:00:00
21,Date Of Birth,Invalid date format (expected DD/MM/YYYY): 1979-09-25 00:00:00
21,Joining Date,Invalid date format (expected DD/MM/YYYY): 2025-01-10 00:00:00
21,Health Card Expiry,Invalid date format (expected DD/MM/YYYY): 2026-10-24 00:00:00
21,Allowed Overtime,Invalid numeric value.
22,Passport Expiry,Invalid date format (expected DD/MM/YYYY): 2033-04-02 00:00:00
22,ID Expiry,Invalid date format (expected DD/MM/YYYY): 2025-12-10 00:00:00
22,Date Of Birth,Invalid date format (expected DD/MM/YYYY): 1991-12-11 00:00:00
22,Contract date,Invalid date format (expected DD/MM/YYYY): 2025-11-07 00:00:00
22,Contract Expiry Date,Invalid date format (expected DD/MM/YYYY): 2026-11-06 00:00:00
22,Health Card Expiry,Invalid date format (expected DD/MM/YYYY): 2026-10-24 00:00:00
22,Allowed Overtime,Invalid numeric value.
23,Passport Expiry,Invalid date format (expected DD/MM/YYYY): 2031-02-10 00:00:00
23,ID Expiry,Invalid date format (expected DD/MM/YYYY): 2026-02-08 00:00:00
23,Date Of Birth,Invalid date format (expected DD/MM/YYYY): 1999-12-30 00:00:00
23,Joining Date,Invalid date format (expected DD/MM/YYYY): 2023-05-01 00:00:00
23,Contract date,Invalid date format (expected DD/MM/YYYY): 2025-10-12 00:00:00
23,Contract Expiry Date,Invalid date format (expected DD/MM/YYYY): 2026-10-11 00:00:00
23,Health Card Expiry,Invalid date format (expected DD/MM/YYYY): 2026-10-24 00:00:00
23,Allowed Overtime,Invalid numeric value.
24,Passport Expiry,Invalid date format (expected DD/MM/YYYY): 2031-09-27 00:00:00
24,ID Expiry,Invalid date format (expected DD/MM/YYYY): 2025-02-27 00:00:00
24,Date Of Birth,Invalid date format (expected DD/MM/YYYY): 1991-04-24 00:00:00
24,Health Card Expiry,Invalid date format (expected DD/MM/YYYY): 2026-10-24 00:00:00
24,Allowed Overtime,Invalid numeric value.
25,Passport Expiry,Invalid date format (expected DD/MM/YYYY): 2030-06-06 00:00:00
25,ID Expiry,Invalid date format (expected DD/MM/YYYY): 2026-01-09 00:00:00
25,Date Of Birth,Invalid date format (expected DD/MM/YYYY): 1994-10-01 00:00:00
25,Contract date,Invalid date format (expected DD/MM/YYYY): 2025-03-03 00:00:00
25,Contract Expiry Date,Invalid date format (expected DD/MM/YYYY): 2026-02-03 00:00:00
25,Health Card Expiry,Invalid date format (expected DD/MM/YYYY): 2026-10-24 00:00:00
25,Allowed Overtime,Invalid numeric value.
26,Passport Expiry,Invalid date format (expected DD/MM/YYYY): 2033-06-07 00:00:00
26,Date Of Birth,Invalid date format (expected DD/MM/YYYY): 1994-11-08 00:00:00
26,Joining Date,Invalid date format (expected DD/MM/YYYY): 2025-09-17 00:00:00
26,Contract date,Invalid date format (expected DD/MM/YYYY): 2025-09-17 00:00:00
26,Health Card Expiry,Invalid date format (expected DD/MM/YYYY): 2026-10-24 00:00:00
26,Allowed Overtime,Invalid numeric value.
27,ID Expiry,Invalid date format (expected DD/MM/YYYY): 2025-02-06 00:00:00
27,Date Of Birth,Invalid date format (expected DD/MM/YYYY): 1985-02-09 00:00:00
27,Joining Date,Invalid date format (expected DD/MM/YYYY): 2024-04-12 00:00:00
27,Contract date,Invalid date format (expected DD/MM/YYYY): 2024-12-28 00:00:00
27,Contract Expiry Date,Invalid date format (expected DD/MM/YYYY): 2026-12-27 00:00:00
27,Health Card Expiry,Invalid date format (expected DD/MM/YYYY): 2026-10-24 00:00:00
27,Allowed Overtime,Invalid numeric value.
28,Joining Date,Invalid date format (expected DD/MM/YYYY): 2025-01-12 00:00:00
28,Contract date,Invalid date format (expected DD/MM/YYYY): 2025-01-12 00:00:00
28,Health Card Expiry,Invalid date format (expected DD/MM/YYYY): 2026-10-24 00:00:00
28,Allowed Overtime,Invalid numeric value.
29,Date Of Birth,Invalid date format (expected DD/MM/YYYY): 1992-07-07 00:00:00
29,Health Card Expiry,Invalid date format (expected DD/MM/YYYY): 2026-10-24 00:00:00
29,Allowed Overtime,Invalid numeric value.
30,Passport Expiry,Invalid date format (expected DD/MM/YYYY): 2032-02-06 00:00:00
30,Date Of Birth,Invalid date format (expected DD/MM/YYYY): 1967-10-07 00:00:00
30,Joining Date,Invalid date format (expected DD/MM/YYYY): 2025-02-04 00:00:00
30,Health Card Expiry,Invalid date format (expected DD/MM/YYYY): 2026-10-24 00:00:00
30,Allowed Overtime,Invalid numeric value.
31,Passport Expiry,Invalid date format (expected DD/MM/YYYY): 2031-07-10 00:00:00
31,Date Of Birth,Invalid date format (expected DD/MM/YYYY): 1980-01-01 00:00:00
31,Health Card Expiry,Invalid date format (expected DD/MM/YYYY): 2026-10-24 00:00:00
31,Allowed Overtime,Invalid numeric value.
32,Joining Date,Invalid date format (expected DD/MM/YYYY): 2025-04-01 00:00:00
32,Contract date,Invalid date format (expected DD/MM/YYYY): 2025-03-03 00:00:00
32,Contract Expiry Date,Invalid date format (expected DD/MM/YYYY): 2026-02-03 00:00:00
32,Health Card Expiry,Invalid date format (expected DD/MM/YYYY): 2026-10-24 00:00:00
32,Allowed Overtime,Invalid numeric value.
33,ID Expiry,Invalid date format (expected DD/MM/YYYY): 2025-02-03 00:00:00
33,Health Card Expiry,Invalid date format (expected DD/MM/YYYY): 2026-10-24 00:00:00
33,Allowed Overtime,Invalid numeric value.
34,ID Expiry,Invalid date format (expected DD/MM/YYYY): 2025-11-10 00:00:00
34,Date Of Birth,Invalid date format (expected DD/MM/YYYY): 1991-04-07 00:00:00
34,Contract date,Invalid date format (expected DD/MM/YYYY): 2025-06-07 00:00:00
34,Contract Expiry Date,Invalid date format (expected DD/MM/YYYY): 2026-05-07 00:00:00
34,Health Card Expiry,Invalid date format (expected DD/MM/YYYY): 2026-10-24 00:00:00
34,Allowed Overtime,Invalid numeric value.
35,Joining Date,Invalid date format (expected DD/MM/YYYY): 2025-01-02 00:00:00
35,Contract date,Invalid date format (expected DD/MM/YYYY): 2025-03-03 00:00:00
35,Contract Expiry Date,Invalid date format (expected DD/MM/YYYY): 2026-02-03 00:00:00
35,Health Card Expiry,Invalid date format (expected DD/MM/YYYY): 2026-10-24 00:00:00
35,Allowed Overtime,Invalid numeric value.
36,Date Of Birth,Invalid date format (expected DD/MM/YYYY): 1994-10-05 00:00:00
36,Health Card Expiry,Invalid date format (expected DD/MM/YYYY): 2026-10-24 00:00:00
36,Allowed Overtime,Invalid numeric value.
37,Contract date,Invalid date format (expected DD/MM/YYYY): 2026-10-04 00:00:00
37,Contract Expiry Date,Invalid date format (expected DD/MM/YYYY): 2026-09-04 00:00:00
37,Health Card Expiry,Invalid date format (expected DD/MM/YYYY): 2026-10-24 00:00:00
37,Allowed Overtime,Invalid numeric value.
38,Passport Expiry,Invalid date format (expected DD/MM/YYYY): 2031-06-03 00:00:00
38,Date Of Birth,Invalid date format (expected DD/MM/YYYY): 2000-09-07 00:00:00
38,Contract date,Invalid date format (expected DD/MM/YYYY): 2025-08-01 00:00:00
38,Contract Expiry Date,Invalid date format (expected DD/MM/YYYY): 2026-07-01 00:00:00
38,Health Card Expiry,Invalid date format (expected DD/MM/YYYY): 2026-10-24 00:00:00
38,Allowed Overtime,Invalid numeric value.
39,Passport Expiry,Invalid date format (expected DD/MM/YYYY): 2031-01-09 00:00:00
39,Date Of Birth,Invalid date format (expected DD/MM/YYYY): 1996-01-12 00:00:00
39,Joining Date,Invalid date format (expected DD/MM/YYYY): 2024-02-11 00:00:00
39,Contract date,Invalid date format (expected DD/MM/YYYY): 2025-04-01 00:00:00
39,Contract Expiry Date,Invalid date format (expected DD/MM/YYYY): 2026-03-01 00:00:00
39,Health Card Expiry,Invalid date format (expected DD/MM/YYYY): 2026-10-24 00:00:00
39,Allowed Overtime,Invalid numeric value.
40,Passport Expiry,Invalid date format (expected DD/MM/YYYY): 25/06/20231
40,Joining Date,Invalid date format (expected DD/MM/YYYY): 2024-01-11 00:00:00
40,Health Card Expiry,Invalid date format (expected DD/MM/YYYY): 2026-10-24 00:00:00
40,Allowed Overtime,Invalid numeric value.
41,Passport Expiry,Invalid date format (expected DD/MM/YYYY): 2030-06-09 00:00:00
41,Date Of Birth,Invalid date format (expected DD/MM/YYYY): 1994-01-10 00:00:00
41,Joining Date,Invalid date format (expected DD/MM/YYYY): 2025-03-03 00:00:00
41,Contract date,Invalid date format (expected DD/MM/YYYY): 2025-03-03 00:00:00
41,Contract Expiry Date,Invalid date format (expected DD/MM/YYYY): 2026-02-03 00:00:00
41,Health Card Expiry,Invalid date format (expected DD/MM/YYYY): 2026-10-24 00:00:00
41,Allowed Overtime,Invalid numeric value.
42,Contract Expiry Date,Invalid date format (expected DD/MM/YYYY): 2026-12-19 00:00:00
42,Health Card Expiry,Invalid date format (expected DD/MM/YYYY): 2026-10-24 00:00:00
42,Allowed Overtime,Invalid numeric value.
43,Joining Date,Invalid date format (expected DD/MM/YYYY): 2024-05-09 00:00:00
43,Contract date,Invalid date format (expected DD/MM/YYYY): 2025-05-09 00:00:00
43,Contract Expiry Date,Invalid date format (expected DD/MM/YYYY): 2026-04-09 00:00:00
43,Health Card Expiry,Invalid date format (expected DD/MM/YYYY): 2026-10-24 00:00:00
43,Allowed Overtime,Invalid numeric value.
44,Date Of Birth,Invalid date format (expected DD/MM/YYYY): 1969-12-09 00:00:00
44,Health Card Expiry,Invalid date format (expected DD/MM/YYYY): 2026-10-24 00:00:00
44,Allowed Overtime,Invalid numeric value.
45,ID Expiry,Invalid date format (expected DD/MM/YYYY): 2027-05-08 00:00:00
45,Date Of Birth,Invalid date format (expected DD/MM/YYYY): 1987-02-01 00:00:00
45,Health Card Expiry,Invalid date format (expected DD/MM/YYYY): 2026-10-24 00:00:00
45,Allowed Overtime,Invalid numeric value.
46,Health Card Expiry,Invalid date format (expected DD/MM/YYYY): 2026-10-24 00:00:00
46,Allowed Overtime,Invalid numeric value.
47,Passport Expiry,Invalid date format (expected DD/MM/YYYY): 2031-12-11 00:00:00
47,Joining Date,Invalid date format (expected DD/MM/YYYY): 2025-10-01 00:00:00
47,Health Card Expiry,Invalid date format (expected DD/MM/YYYY): 2026-10-24 00:00:00
47,Allowed Overtime,Invalid numeric value.
48,Joining Date,Invalid date format (expected DD/MM/YYYY): 2024-04-12 00:00:00
48,Contract date,Invalid date format (expected DD/MM/YYYY): 2025-03-12 00:00:00
48,Contract Expiry Date,Invalid date format (expected DD/MM/YYYY): 2026-02-12 00:00:00
48,Health Card Expiry,Invalid date format (expected DD/MM/YYYY): 2026-10-24 00:00:00
48,Allowed Overtime,Invalid numeric value.
49,Health Card Expiry,Invalid date format (expected DD/MM/YYYY): 2026-10-24 00:00:00
49,Allowed Overtime,Invalid numeric value.
50,ID Expiry,Invalid date format (expected DD/MM/YYYY): 2025-07-05 00:00:00
50,Date Of Birth,Invalid date format (expected DD/MM/YYYY): 1993-09-09 00:00:00
50,Joining Date,Invalid date format (expected DD/MM/YYYY): 2024-12-21 00:00:00
50,Contract date,Invalid date format (expected DD/MM/YYYY): 2024-12-21 00:00:00
50,Contract Expiry Date,Invalid date format (expected DD/MM/YYYY): 2026-12-20 00:00:00
50,Health Card Expiry,Invalid date format (expected DD/MM/YYYY): 2026-10-24 00:00:00
50,Allowed Overtime,Invalid numeric value.
51,Health Card Expiry,Invalid date format (expected DD/MM/YYYY): 2026-10-24 00:00:00
51,Allowed Overtime,Invalid numeric value.
52,Date Of Birth,Invalid date format (expected DD/MM/YYYY): 1980-05-02 00:00:00
52,Health Card Expiry,Invalid date format (expected DD/MM/YYYY): 2026-10-24 00:00:00
52,Allowed Overtime,Invalid numeric value.
53,Date Of Birth,Invalid date format (expected DD/MM/YYYY): 1975-03-05 00:00:00
53,Health Card Expiry,Invalid date format (expected DD/MM/YYYY): 2026-10-24 00:00:00
53,Allowed Overtime,Invalid numeric value.
